,rolling_volatility_7d,future_volatility_7d,log_volume,bid_ask_spread,time_to_expiry_days,prob_level,recent_volatility_7d
rolling_volatility_7d,1.0,0.7398258679803059,-0.5816790563610273,0.6053936471982992,-0.17279782900062543,0.6643601354721738,1.0
future_volatility_7d,0.7398258679803059,1.0,-0.6052147093870996,0.6317629682793187,-0.17027336227789905,0.7046832684247379,0.7398258679803059
log_volume,-0.5816790563610273,-0.6052147093870996,1.0,-0.6518504366679586,0.0034915338662015235,-0.5402249770258558,-0.5816790563610273
bid_ask_spread,0.6053936471982992,0.6317629682793187,-0.6518504366679586,1.0,-0.11836396037294787,0.5401887501384194,0.6053936471982991
time_to_expiry_days,-0.17279782900062543,-0.17027336227789905,0.0034915338662015235,-0.11836396037294787,1.0,-0.11718255256948744,-0.17279782900062546
prob_level,0.6643601354721738,0.7046832684247379,-0.5402249770258558,0.5401887501384194,-0.11718255256948744,1.0,0.6643601354721738
recent_volatility_7d,1.0,0.7398258679803059,-0.5816790563610273,0.6053936471982991,-0.17279782900062546,0.6643601354721738,1.0
