feature_group,importance
bid_ask_spread,0.4053487260921534
log_volume,0.22140635851026544
time_to_expiry_days,0.14942522178176118
recent_volatility_7d,0.11266451065604566
prob_level,0.10044339838314531
category,0.01071178457662894
