,rolling_volatility_7d,future_volatility_7d,log_volume,bid_ask_spread,time_to_expiry_days,prob_level,recent_volatility_7d
rolling_volatility_7d,1.0,0.6376521096745577,-0.41861337941639576,0.5360769321009284,-0.14026382908746804,0.49712431251547423,1.0
future_volatility_7d,0.6376521096745577,1.0,-0.4807643485735489,0.5887306835974186,-0.13728256825534077,0.5774801767676463,0.6376521096745578
log_volume,-0.41861337941639576,-0.4807643485735489,1.0,-0.6418014846579938,-0.08367305268595236,-0.373880503883087,-0.4186133794163958
bid_ask_spread,0.5360769321009284,0.5887306835974186,-0.6418014846579938,1.0,-0.07523718580336725,0.3223468949170142,0.5360769321009284
time_to_expiry_days,-0.14026382908746804,-0.13728256825534077,-0.08367305268595236,-0.07523718580336725,1.0,-0.06110740073783975,-0.14026382908746798
prob_level,0.49712431251547423,0.5774801767676463,-0.373880503883087,0.3223468949170142,-0.06110740073783975,1.0,0.49712431251547423
recent_volatility_7d,1.0,0.6376521096745578,-0.4186133794163958,0.5360769321009284,-0.14026382908746798,0.49712431251547423,1.0
